Index,Elevation,Leg distance,Leg time,Leg speed,Leg course,Time,Position
1,17 m,3 m,0:00:22,0.5 km/h,332.3° true,2/19/2023 13:52,N43° 26.592' E39° 55.885'
2,17 m,1 m,0:00:31,0.1 km/h,220.9° true,2/19/2023 13:52,N43° 26.593' E39° 55.884'
3,18 m,0 m,0:00:32,0.0 km/h,291.5° true,2/19/2023 13:53,N43° 26.593' E39° 55.884'
4,18 m,3 m,0:00:21,0.5 km/h,327.8° true,2/19/2023 13:53,N43° 26.593' E39° 55.884'
5,17 m,1 m,0:00:25,0.1 km/h,321.1° true,2/19/2023 13:54,N43° 26.594' E39° 55.882'
6,17 m,2 m,0:00:21,0.4 km/h,303.8° true,2/19/2023 13:54,N43° 26.594' E39° 55.882'
7,17 m,1 m,0:00:22,0.1 km/h,143.4° true,2/19/2023 13:54,N43° 26.595' E39° 55.881'
8,17 m,1 m,0:00:23,0.2 km/h,131.5° true,2/19/2023 13:55,N43° 26.595' E39° 55.881'
9,17 m,1 m,0:00:37,0.1 km/h,188.3° true,2/19/2023 13:55,N43° 26.594' E39° 55.882'
10,17 m,1 m,0:00:37,0.1 km/h,206.2° true,2/19/2023 13:56,N43° 26.594' E39° 55.882'
11,16 m,1 m,0:00:34,0.1 km/h,188.4° true,2/19/2023 13:56,N43° 26.593' E39° 55.881'
12,16 m,1 m,0:00:26,0.1 km/h,48.8° true,2/19/2023 13:57,N43° 26.593' E39° 55.881'
13,16 m,4 m,0:00:24,0.6 km/h,264.0° true,2/19/2023 13:57,N43° 26.593' E39° 55.882'
14,16 m,0 m,0:00:24,0.1 km/h,154.7° true,2/19/2023 13:58,N43° 26.593' E39° 55.879'
15,15 m,3 m,0:00:29,0.4 km/h,106.9° true,2/19/2023 13:58,N43° 26.593' E39° 55.879'
16,15 m,3 m,0:00:28,0.3 km/h,49.8° true,2/19/2023 13:59,N43° 26.592' E39° 55.881'
17,16 m,1 m,0:00:24,0.2 km/h,206.1° true,2/19/2023 13:59,N43° 26.593' E39° 55.883'
18,16 m,2 m,0:00:24,0.2 km/h,329.7° true,2/19/2023 13:59,N43° 26.593' E39° 55.882'
19,17 m,0 m,0:00:25,0.1 km/h,228.8° true,2/19/2023 14:00,N43° 26.593' E39° 55.882'
20,17 m,4 m,0:00:26,0.6 km/h,110.9° true,2/19/2023 14:00,N43° 26.593' E39° 55.882'
21,18 m,5 m,0:00:30,0.6 km/h,153.1° true,2/19/2023 14:01,N43° 26.593' E39° 55.884'
22,18 m,6 m,0:00:05,4.1 km/h,197.4° true,2/19/2023 14:01,N43° 26.590' E39° 55.886'
23,18 m,31 m,0:00:23,5 km/h,192.7° true,2/19/2023 14:01,N43° 26.587' E39° 55.885'
24,17 m,15 m,0:00:11,5 km/h,195.7° true,2/19/2023 14:02,N43° 26.571' E39° 55.880'
25,17 m,11 m,0:00:09,4.4 km/h,211.1° true,2/19/2023 14:02,N43° 26.563' E39° 55.877'
26,17 m,14 m,0:00:12,4.3 km/h,221.4° true,2/19/2023 14:02,N43° 26.558' E39° 55.873'
27,17 m,9 m,0:00:17,1.9 km/h,220.2° true,2/19/2023 14:02,N43° 26.552' E39° 55.866'
28,16 m,2 m,0:00:22,0.3 km/h,314.1° true,2/19/2023 14:02,N43° 26.549' E39° 55.861'
29,16 m,1 m,0:00:27,0.2 km/h,86.3° true,2/19/2023 14:03,N43° 26.549' E39° 55.860'
30,16 m,0 m,0:00:28,0.0 km/h,56.0° true,2/19/2023 14:03,N43° 26.549' E39° 55.861'
31,17 m,3 m,0:00:21,0.5 km/h,64.4° true,2/19/2023 14:04,N43° 26.549' E39° 55.862'
32,18 m,7 m,0:00:07,3.4 km/h,70.8° true,2/19/2023 14:04,N43° 26.550' E39° 55.864'
33,18 m,25 m,0:00:13,7 km/h,67.4° true,2/19/2023 14:04,N43° 26.551' E39° 55.868'
34,18 m,45 m,0:00:15,11 km/h,65.3° true,2/19/2023 14:04,N43° 26.556' E39° 55.885'
35,19 m,56 m,0:00:14,14 km/h,64.5° true,2/19/2023 14:05,N43° 26.567' E39° 55.916'
36,22 m,58 m,0:00:12,17 km/h,65.0° true,2/19/2023 14:05,N43° 26.580' E39° 55.953'
37,24 m,77 m,0:00:14,20 km/h,64.4° true,2/19/2023 14:05,N43° 26.593' E39° 55.992'
38,26 m,70 m,0:00:12,21 km/h,64.6° true,2/19/2023 14:05,N43° 26.611' E39° 56.043'
39,27 m,78 m,0:00:13,22 km/h,63.7° true,2/19/2023 14:06,N43° 26.627' E39° 56.091'
40,29 m,71 m,0:00:12,21 km/h,64.8° true,2/19/2023 14:06,N43° 26.646' E39° 56.143'
41,28 m,82 m,0:00:13,23 km/h,64.1° true,2/19/2023 14:06,N43° 26.662' E39° 56.190'
42,30 m,69 m,0:00:11,22 km/h,65.0° true,2/19/2023 14:06,N43° 26.681' E39° 56.245'
43,29 m,89 m,0:00:13,25 km/h,66.0° true,2/19/2023 14:06,N43° 26.697' E39° 56.291'
44,28 m,114 m,0:00:15,27 km/h,65.1° true,2/19/2023 14:07,N43° 26.716' E39° 56.352'
45,25 m,117 m,0:00:14,30 km/h,64.2° true,2/19/2023 14:07,N43° 26.742' E39° 56.429'
46,28 m,117 m,0:00:13,32 km/h,64.8° true,2/19/2023 14:07,N43° 26.770' E39° 56.507'
47,32 m,125 m,0:00:13,34 km/h,65.2° true,2/19/2023 14:07,N43° 26.797' E39° 56.586'
48,34 m,123 m,0:00:13,34 km/h,64.5° true,2/19/2023 14:08,N43° 26.825' E39° 56.670'
49,34 m,84 m,0:00:11,27 km/h,65.6° true,2/19/2023 14:08,N43° 26.853' E39° 56.752'
50,37 m,57 m,0:00:11,19 km/h,64.5° true,2/19/2023 14:08,N43° 26.872' E39° 56.809'
51,41 m,10 m,0:00:02,17 km/h,56.2° true,2/19/2023 14:08,N43° 26.885' E39° 56.847'
52,41 m,26 m,0:00:06,16 km/h,31.8° true,2/19/2023 14:08,N43° 26.888' E39° 56.852'
53,43 m,39 m,0:00:10,14 km/h,2.1° true,2/19/2023 14:08,N43° 26.900' E39° 56.863'
54,37 m,33 m,0:00:09,13 km/h,48.3° true,2/19/2023 14:08,N43° 26.921' E39° 56.864'
55,38 m,58 m,0:00:12,17 km/h,64.6° true,2/19/2023 14:09,N43° 26.933' E39° 56.882'
56,38 m,73 m,0:00:13,20 km/h,66.0° true,2/19/2023 14:09,N43° 26.946' E39° 56.921'
57,36 m,85 m,0:00:13,23 km/h,61.4° true,2/19/2023 14:09,N43° 26.962' E39° 56.970'
58,36 m,74 m,0:00:10,27 km/h,53.9° true,2/19/2023 14:09,N43° 26.984' E39° 57.026'
59,39 m,113 m,0:00:14,29 km/h,65.0° true,2/19/2023 14:09,N43° 27.007' E39° 57.070'
60,43 m,82 m,0:00:11,27 km/h,65.2° true,2/19/2023 14:10,N43° 27.033' E39° 57.146'
61,45 m,88 m,0:00:13,24 km/h,61.6° true,2/19/2023 14:10,N43° 27.052' E39° 57.202'
62,46 m,90 m,0:00:15,22 km/h,54.0° true,2/19/2023 14:10,N43° 27.074' E39° 57.259'
63,47 m,54 m,0:00:10,19 km/h,53.8° true,2/19/2023 14:10,N43° 27.103' E39° 57.313'
64,47 m,65 m,0:00:13,18 km/h,57.8° true,2/19/2023 14:10,N43° 27.120' E39° 57.345'
65,45 m,63 m,0:00:10,23 km/h,58.4° true,2/19/2023 14:11,N43° 27.139' E39° 57.386'
66,43 m,89 m,0:00:14,23 km/h,59.7° true,2/19/2023 14:11,N43° 27.156' E39° 57.425'
67,40 m,49 m,0:00:10,18 km/h,90.1° true,2/19/2023 14:11,N43° 27.180' E39° 57.482'
68,40 m,59 m,0:00:12,18 km/h,115.3° true,2/19/2023 14:11,N43° 27.180' E39° 57.519'
69,37 m,5 m,0:00:01,18 km/h,102.5° true,2/19/2023 14:11,N43° 27.167' E39° 57.558'
70,37 m,21 m,0:00:04,19 km/h,88.5° true,2/19/2023 14:11,N43° 27.166' E39° 57.562'
71,35 m,39 m,0:00:07,20 km/h,53.6° true,2/19/2023 14:11,N43° 27.166' E39° 57.577'
72,33 m,29 m,0:00:05,21 km/h,28.9° true,2/19/2023 14:12,N43° 27.179' E39° 57.600'
73,32 m,41 m,0:00:08,19 km/h,0.0° true,2/19/2023 14:12,N43° 27.192' E39° 57.611'
74,33 m,25 m,0:00:06,15 km/h,316.8° true,2/19/2023 14:12,N43° 27.215' E39° 57.611'
75,32 m,18 m,0:00:04,16 km/h,294.1° true,2/19/2023 14:12,N43° 27.225' E39° 57.598'
76,32 m,43 m,0:00:10,16 km/h,262.4° true,2/19/2023 14:12,N43° 27.228' E39° 57.586'
77,32 m,33 m,0:00:09,13 km/h,212.8° true,2/19/2023 14:12,N43° 27.225' E39° 57.554'
78,33 m,6 m,0:00:09,2.6 km/h,205.9° true,2/19/2023 14:12,N43° 27.211' E39° 57.541'
79,34 m,2 m,0:00:22,0.3 km/h,190.4° true,2/19/2023 14:12,N43° 27.207' E39° 57.539'
80,32 m,2 m,0:00:22,0.3 km/h,2.6° true,2/19/2023 14:13,N43° 27.207' E39° 57.538'
81,31 m,2 m,0:00:21,0.3 km/h,246.7° true,2/19/2023 14:13,N43° 27.207' E39° 57.538'
82,31 m,22 m,0:00:07,11 km/h,207.4° true,2/19/2023 14:14,N43° 27.207' E39° 57.537'
83,31 m,59 m,0:00:05,42 km/h,207.4° true,2/19/2023 14:14,N43° 27.196' E39° 57.530'
84,31 m,106 m,0:00:04,95 km/h,209.3° true,2/19/2023 14:14,N43° 27.168' E39° 57.510'
85,31 m,155 m,0:00:04,140 km/h,209.3° true,2/19/2023 14:14,N43° 27.119' E39° 57.471'
86,31 m,196 m,0:00:04,177 km/h,209.3° true,2/19/2023 14:14,N43° 27.046' E39° 57.415'
87,31 m,175 m,0:00:03,210 km/h,209.2° true,2/19/2023 14:14,N43° 26.954' E39° 57.344'
88,30 m,263 m,0:00:04,237 km/h,208.0° true,2/19/2023 14:14,N43° 26.871' E39° 57.280'
89,26 m,361 m,0:00:05,260 km/h,208.4° true,2/19/2023 14:14,N43° 26.746' E39° 57.189'
90,30 m,524 m,0:00:07,269 km/h,209.4° true,2/19/2023 14:14,N43° 26.575' E39° 57.061'
91,103 m,470 m,0:00:06,282 km/h,209.2° true,2/19/2023 14:14,N43° 26.329' E39° 56.870'
92,207 m,456 m,0:00:06,274 km/h,208.2° true,2/19/2023 14:14,N43° 26.107' E39° 56.699'
93,326 m,375 m,0:00:05,270 km/h,201.8° true,2/19/2023 14:14,N43° 25.891' E39° 56.539'
94,425 m,439 m,0:00:06,263 km/h,195.4° true,2/19/2023 14:15,N43° 25.703' E39° 56.436'
95,510 m,301 m,0:00:04,271 km/h,188.4° true,2/19/2023 14:15,N43° 25.475' E39° 56.350'
96,550 m,382 m,0:00:05,275 km/h,183.1° true,2/19/2023 14:15,N43° 25.315' E39° 56.317'
97,594 m,309 m,0:00:04,278 km/h,174.2° true,2/19/2023 14:15,N43° 25.109' E39° 56.301'
98,629 m,316 m,0:00:04,285 km/h,167.0° true,2/19/2023 14:15,N43° 24.944' E39° 56.325'
99,660 m,407 m,0:00:05,293 km/h,161.3° true,2/19/2023 14:15,N43° 24.778' E39° 56.377'
100,705 m,510 m,0:00:06,306 km/h,161.2° true,2/19/2023 14:15,N43° 24.570' E39° 56.474'
101,744 m,353 m,0:00:04,318 km/h,167.0° true,2/19/2023 14:15,N43° 24.310' E39° 56.596'
102,763 m,272 m,0:00:03,326 km/h,175.1° true,2/19/2023 14:15,N43° 24.124' E39° 56.655'
103,786 m,282 m,0:00:03,339 km/h,181.5° true,2/19/2023 14:15,N43° 23.978' E39° 56.672'
104,800 m,288 m,0:00:03,346 km/h,187.7° true,2/19/2023 14:15,N43° 23.826' E39° 56.667'
105,818 m,400 m,0:00:04,360 km/h,192.4° true,2/19/2023 14:15,N43° 23.672' E39° 56.638'
106,855 m,633 m,0:00:06,380 km/h,194.5° true,2/19/2023 14:15,N43° 23.461' E39° 56.574'
107,942 m,765 m,0:00:07,393 km/h,194.5° true,2/19/2023 14:15,N43° 23.131' E39° 56.457'
108,1039 m,793 m,0:00:07,408 km/h,194.1° true,2/19/2023 14:16,N43° 22.732' E39° 56.315'
109,1129 m,828 m,0:00:07,426 km/h,193.9° true,2/19/2023 14:16,N43° 22.317' E39° 56.172'
110,1213 m,859 m,0:00:07,442 km/h,193.7° true,2/19/2023 14:16,N43° 21.884' E39° 56.025'
111,1299 m,1.0 km,0:00:08,456 km/h,193.9° true,2/19/2023 14:16,N43° 21.434' E39° 55.874'
112,1415 m,1.0 km,0:00:08,468 km/h,194.0° true,2/19/2023 14:16,N43° 20.904' E39° 55.693'
113,1542 m,940 m,0:00:07,484 km/h,193.2° true,2/19/2023 14:16,N43° 20.360' E39° 55.508'
114,1624 m,976 m,0:00:07,502 km/h,192.6° true,2/19/2023 14:16,N43° 19.867' E39° 55.348'
115,1690 m,866 m,0:00:06,519 km/h,192.2° true,2/19/2023 14:16,N43° 19.353' E39° 55.190'
116,1739 m,897 m,0:00:06,538 km/h,192.0° true,2/19/2023 14:17,N43° 18.897' E39° 55.054'
117,1780 m,1.1 km,0:00:07,558 km/h,191.9° true,2/19/2023 14:17,N43° 18.425' E39° 54.916'
118,1823 m,961 m,0:00:06,576 km/h,192.2° true,2/19/2023 14:17,N43° 17.853' E39° 54.750'
119,1865 m,1.2 km,0:00:07,593 km/h,192.4° true,2/19/2023 14:17,N43° 17.347' E39° 54.600'
120,1913 m,1.2 km,0:00:07,611 km/h,192.6° true,2/19/2023 14:17,N43° 16.739' E39° 54.416'
121,1965 m,1.6 km,0:00:09,623 km/h,192.6° true,2/19/2023 14:17,N43° 16.115' E39° 54.225'
122,2024 m,1.6 km,0:00:09,625 km/h,192.4° true,2/19/2023 14:17,N43° 15.295' E39° 53.973'
123,2076 m,1.6 km,0:00:09,630 km/h,192.3° true,2/19/2023 14:17,N43° 14.472' E39° 53.723'
124,2129 m,1.6 km,0:00:09,635 km/h,192.2° true,2/19/2023 14:18,N43° 13.643' E39° 53.475'
125,2185 m,1.9 km,0:00:11,636 km/h,192.1° true,2/19/2023 14:18,N43° 12.807' E39° 53.226'
126,2246 m,2.1 km,0:00:12,637 km/h,192.4° true,2/19/2023 14:18,N43° 11.783' E39° 52.925'
127,2365 m,1.6 km,0:00:09,640 km/h,192.5° true,2/19/2023 14:18,N43° 10.665' E39° 52.588'
128,2491 m,1.4 km,0:00:08,646 km/h,192.3° true,2/19/2023 14:18,N43° 09.823' E39° 52.333'
129,2613 m,1.8 km,0:00:10,653 km/h,192.0° true,2/19/2023 14:18,N43° 09.068' E39° 52.107'
130,2739 m,1.7 km,0:00:09,662 km/h,192.0° true,2/19/2023 14:19,N43° 08.111' E39° 51.829'
131,2864 m,1.9 km,0:00:10,666 km/h,191.9° true,2/19/2023 14:19,N43° 07.238' E39° 51.574'
132,3042 m,2.0 km,0:00:11,667 km/h,191.6° true,2/19/2023 14:19,N43° 06.262' E39° 51.292'
133,3230 m,1.8 km,0:00:10,664 km/h,191.5° true,2/19/2023 14:19,N43° 05.186' E39° 50.990'
134,3443 m,1.5 km,0:00:08,654 km/h,191.2° true,2/19/2023 14:19,N43° 04.213' E39° 50.718'
135,3645 m,1.6 km,0:00:09,643 km/h,190.8° true,2/19/2023 14:19,N43° 03.444' E39° 50.509'
136,3866 m,1.8 km,0:00:10,636 km/h,190.3° true,2/19/2023 14:19,N43° 02.592' E39° 50.288'
137,4075 m,1.8 km,0:00:10,634 km/h,189.9° true,2/19/2023 14:20,N43° 01.656' E39° 50.055'
138,4261 m,1.9 km,0:00:11,634 km/h,189.9° true,2/19/2023 14:20,N43° 00.721' E39° 49.832'
139,4446 m,2.3 km,0:00:13,636 km/h,190.0° true,2/19/2023 14:20,N42° 59.693' E39° 49.588'
140,4656 m,2.1 km,0:00:12,639 km/h,189.8° true,2/19/2023 14:20,N42° 58.474' E39° 49.295'
141,4844 m,1.8 km,0:00:10,646 km/h,189.9° true,2/19/2023 14:20,N42° 57.343' E39° 49.027'
142,4963 m,1.5 km,0:00:08,657 km/h,189.8° true,2/19/2023 14:21,N42° 56.390' E39° 48.799'
143,5039 m,1.5 km,0:00:08,664 km/h,189.7° true,2/19/2023 14:21,N42° 55.615' E39° 48.617'
144,5129 m,2.1 km,0:00:11,672 km/h,189.4° true,2/19/2023 14:21,N42° 54.831' E39° 48.433'
145,5269 m,2.1 km,0:00:11,678 km/h,189.2° true,2/19/2023 14:21,N42° 53.739' E39° 48.186'
146,5415 m,2.1 km,0:00:11,683 km/h,189.6° true,2/19/2023 14:21,N42° 52.638' E39° 47.941'
147,5547 m,1.7 km,0:00:09,690 km/h,189.8° true,2/19/2023 14:21,N42° 51.529' E39° 47.685'
148,5636 m,1.6 km,0:00:08,699 km/h,189.4° true,2/19/2023 14:22,N42° 50.612' E39° 47.470'
149,5721 m,1.8 km,0:00:09,706 km/h,189.2° true,2/19/2023 14:22,N42° 49.786' E39° 47.284'
150,5825 m,2.0 km,0:00:10,712 km/h,189.1° true,2/19/2023 14:22,N42° 48.847' E39° 47.077'
151,5939 m,1.8 km,0:00:09,716 km/h,189.2° true,2/19/2023 14:22,N42° 47.795' E39° 46.848'
152,6050 m,1.6 km,0:00:08,720 km/h,189.0° true,2/19/2023 14:22,N42° 46.842' E39° 46.639'
153,6151 m,807 m,0:00:04,726 km/h,186.5° true,2/19/2023 14:22,N42° 45.990' E39° 46.455'
154,6199 m,611 m,0:00:03,733 km/h,183.2° true,2/19/2023 14:22,N42° 45.558' E39° 46.387'
155,6237 m,616 m,0:00:03,739 km/h,180.3° true,2/19/2023 14:22,N42° 45.229' E39° 46.362'
156,6278 m,819 m,0:00:04,737 km/h,177.1° true,2/19/2023 14:22,N42° 44.897' E39° 46.359'
157,6329 m,619 m,0:00:03,743 km/h,173.8° true,2/19/2023 14:23,N42° 44.456' E39° 46.390'
158,6365 m,832 m,0:00:04,749 km/h,170.2° true,2/19/2023 14:23,N42° 44.124' E39° 46.439'
159,6421 m,630 m,0:00:03,756 km/h,166.6° true,2/19/2023 14:23,N42° 43.682' E39° 46.543'
160,6474 m,639 m,0:00:03,767 km/h,162.5° true,2/19/2023 14:23,N42° 43.352' E39° 46.650'
161,6531 m,643 m,0:00:03,772 km/h,159.6° true,2/19/2023 14:23,N42° 43.024' E39° 46.791'
162,6593 m,644 m,0:00:03,773 km/h,156.8° true,2/19/2023 14:23,N42° 42.699' E39° 46.955'
163,6669 m,644 m,0:00:03,773 km/h,153.9° true,2/19/2023 14:23,N42° 42.380' E39° 47.142'
164,6751 m,651 m,0:00:03,781 km/h,150.3° true,2/19/2023 14:23,N42° 42.068' E39° 47.350'
165,6820 m,650 m,0:00:03,780 km/h,146.6° true,2/19/2023 14:23,N42° 41.764' E39° 47.586'
166,6902 m,654 m,0:00:03,785 km/h,141.8° true,2/19/2023 14:23,N42° 41.471' E39° 47.849'
167,6967 m,659 m,0:00:03,790 km/h,139.1° true,2/19/2023 14:23,N42° 41.194' E39° 48.145'
168,7037 m,664 m,0:00:03,797 km/h,134.9° true,2/19/2023 14:23,N42° 40.926' E39° 48.461'
169,7089 m,672 m,0:00:03,806 km/h,131.6° true,2/19/2023 14:23,N42° 40.673' E39° 48.806'
170,7126 m,904 m,0:00:04,813 km/h,129.6° true,2/19/2023 14:23,N42° 40.433' E39° 49.174'
171,7158 m,1.4 km,0:00:06,817 km/h,128.1° true,2/19/2023 14:23,N42° 40.123' E39° 49.685'
172,7204 m,1.8 km,0:00:08,831 km/h,126.2° true,2/19/2023 14:23,N42° 39.669' E39° 50.471'
173,7196 m,2.1 km,0:00:09,831 km/h,126.3° true,2/19/2023 14:23,N42° 39.082' E39° 51.563'
174,7227 m,2.5 km,0:00:11,827 km/h,126.7° true,2/19/2023 14:24,N42° 38.420' E39° 52.791'
175,7314 m,2.3 km,0:00:10,833 km/h,127.0° true,2/19/2023 14:24,N42° 37.605' E39° 54.274'
176,7373 m,2.8 km,0:00:12,832 km/h,127.3° true,2/19/2023 14:24,N42° 36.855' E39° 55.628'
177,7470 m,2.3 km,0:00:10,838 km/h,127.5° true,2/19/2023 14:24,N42° 35.948' E39° 57.243'
178,7554 m,2.3 km,0:00:10,841 km/h,127.5° true,2/19/2023 14:24,N42° 35.184' E39° 58.594'
179,7644 m,2.6 km,0:00:11,847 km/h,127.6° true,2/19/2023 14:25,N42° 34.417' E39° 59.951'
180,7724 m,2.6 km,0:00:11,853 km/h,127.7° true,2/19/2023 14:25,N42° 33.567' E40° 01.451'
181,7812 m,2.4 km,0:00:10,859 km/h,127.7° true,2/19/2023 14:25,N42° 32.707' E40° 02.961'
182,7892 m,1.7 km,0:00:07,864 km/h,127.2° true,2/19/2023 14:25,N42° 31.920' E40° 04.341'
183,7946 m,1.2 km,0:00:05,868 km/h,125.3° true,2/19/2023 14:25,N42° 31.372' E40° 05.319'
184,7994 m,1.2 km,0:00:05,870 km/h,123.4° true,2/19/2023 14:25,N42° 30.997' E40° 06.038'
185,8046 m,1.2 km,0:00:05,875 km/h,121.5° true,2/19/2023 14:25,N42° 30.639' E40° 06.776'
186,8095 m,1.2 km,0:00:05,881 km/h,119.5° true,2/19/2023 14:25,N42° 30.297' E40° 07.534'
187,8137 m,1.2 km,0:00:05,889 km/h,117.2° true,2/19/2023 14:25,N42° 29.973' E40° 08.314'
188,8166 m,992 m,0:00:04,893 km/h,115.4° true,2/19/2023 14:26,N42° 29.668' E40° 09.116'
189,8187 m,1.2 km,0:00:05,899 km/h,113.5° true,2/19/2023 14:26,N42° 29.438' E40° 09.771'
190,8209 m,1.0 km,0:00:04,900 km/h,111.7° true,2/19/2023 14:26,N42° 29.170' E40° 10.608'
191,8227 m,1.0 km,0:00:04,907 km/h,110.1° true,2/19/2023 14:26,N42° 28.970' E40° 11.287'
192,8245 m,1.0 km,0:00:04,914 km/h,108.1° true,2/19/2023 14:26,N42° 28.784' E40° 11.978'
193,8258 m,1.0 km,0:00:04,919 km/h,106.5° true,2/19/2023 14:26,N42° 28.614' E40° 12.684'
194,8274 m,1.8 km,0:00:07,921 km/h,105.4° true,2/19/2023 14:26,N42° 28.458' E40° 13.399'
195,8322 m,2.6 km,0:00:10,923 km/h,104.9° true,2/19/2023 14:26,N42° 28.201' E40° 14.660'
196,8396 m,3.1 km,0:00:12,927 km/h,105.1° true,2/19/2023 14:26,N42° 27.845' E40° 16.470'
197,8483 m,3.4 km,0:00:13,932 km/h,105.3° true,2/19/2023 14:26,N42° 27.410' E40° 18.648'
198,8576 m,2.6 km,0:00:10,940 km/h,105.4° true,2/19/2023 14:27,N42° 26.930' E40° 21.019'
199,8614 m,2.9 km,0:00:11,949 km/h,105.5° true,2/19/2023 14:27,N42° 26.557' E40° 22.858'
200,8682 m,3.4 km,0:00:13,954 km/h,105.4° true,2/19/2023 14:27,N42° 26.139' E40° 24.898'
201,8764 m,2.7 km,0:00:10,962 km/h,105.5° true,2/19/2023 14:27,N42° 25.645' E40° 27.322'
202,8787 m,2.7 km,0:00:10,971 km/h,105.6° true,2/19/2023 14:27,N42° 25.260' E40° 29.203'
203,8834 m,3.0 km,0:00:11,976 km/h,105.5° true,2/19/2023 14:28,N42° 24.870' E40° 31.100'
204,8908 m,3.5 km,0:00:13,980 km/h,105.6° true,2/19/2023 14:28,N42° 24.439' E40° 33.198'
205,9008 m,3.0 km,0:00:11,984 km/h,105.6° true,2/19/2023 14:28,N42° 23.927' E40° 35.687'
206,9076 m,2.7 km,0:00:10,987 km/h,105.6° true,2/19/2023 14:28,N42° 23.490' E40° 37.801'
207,9140 m,3.0 km,0:00:11,988 km/h,105.6° true,2/19/2023 14:28,N42° 23.092' E40° 39.729'
208,9234 m,3.0 km,0:00:11,986 km/h,105.6° true,2/19/2023 14:29,N42° 22.653' E40° 41.849'
209,9345 m,2.7 km,0:00:10,982 km/h,105.6° true,2/19/2023 14:29,N42° 22.216' E40° 43.965'
210,9455 m,3.0 km,0:00:11,978 km/h,105.6° true,2/19/2023 14:29,N42° 21.821' E40° 45.881'
211,9566 m,3.0 km,0:00:11,976 km/h,105.6° true,2/19/2023 14:29,N42° 21.388' E40° 47.980'
212,9664 m,3.0 km,0:00:11,977 km/h,105.6° true,2/19/2023 14:29,N42° 20.955' E40° 50.074'
213,9728 m,2.2 km,0:00:08,981 km/h,105.8° true,2/19/2023 14:29,N42° 20.521' E40° 52.171'
214,9769 m,2.7 km,0:00:10,984 km/h,105.8° true,2/19/2023 14:30,N42° 20.201' E40° 53.700'
215,9827 m,3.0 km,0:00:11,986 km/h,105.8° true,2/19/2023 14:30,N42° 19.799' E40° 55.617'
216,9890 m,2.7 km,0:00:10,989 km/h,105.8° true,2/19/2023 14:30,N42° 19.355' E40° 57.731'
217,9949 m,3.6 km,0:00:13,990 km/h,105.8° true,2/19/2023 14:30,N42° 18.951' E40° 59.657'
218,10040 m,3.6 km,0:00:13,988 km/h,105.8° true,2/19/2023 14:30,N42° 18.425' E41° 02.164'
219,10144 m,4.1 km,0:00:15,986 km/h,105.9° true,2/19/2023 14:31,N42° 17.902' E41° 04.667'
220,10216 m,4.4 km,0:00:16,986 km/h,105.9° true,2/19/2023 14:31,N42° 17.296' E41° 07.548'
221,10292 m,3.6 km,0:00:13,987 km/h,106.0° true,2/19/2023 14:31,N42° 16.646' E41° 10.617'
222,10353 m,3.6 km,0:00:13,986 km/h,106.0° true,2/19/2023 14:31,N42° 16.116' E41° 13.112'
223,10421 m,3.5 km,0:00:13,982 km/h,106.1° true,2/19/2023 14:31,N42° 15.586' E41° 15.605'
224,10476 m,2.4 km,0:00:09,972 km/h,106.1° true,2/19/2023 14:32,N42° 15.057' E41° 18.087'
225,10487 m,2.9 km,0:00:11,964 km/h,106.0° true,2/19/2023 14:32,N42° 14.693' E41° 19.786'
226,10489 m,3.2 km,0:00:12,959 km/h,106.0° true,2/19/2023 14:32,N42° 14.255' E41° 21.847'
227,10486 m,3.5 km,0:00:13,956 km/h,106.1° true,2/19/2023 14:32,N42° 13.779' E41° 24.085'
228,10488 m,3.2 km,0:00:12,956 km/h,106.1° true,2/19/2023 14:32,N42° 13.263' E41° 26.500'
229,10488 m,3.2 km,0:00:12,955 km/h,106.3° true,2/19/2023 14:33,N42° 12.788' E41° 28.729'
230,10489 m,2.7 km,0:00:10,956 km/h,106.4° true,2/19/2023 14:33,N42° 12.307' E41° 30.954'
231,10490 m,3.2 km,0:00:12,958 km/h,106.3° true,2/19/2023 14:33,N42° 11.903' E41° 32.808'
232,10490 m,2.9 km,0:00:11,961 km/h,106.3° true,2/19/2023 14:33,N42° 11.419' E41° 35.038'
233,10485 m,2.1 km,0:00:08,959 km/h,106.8° true,2/19/2023 14:33,N42° 10.976' E41° 37.088'
234,10491 m,1.3 km,0:00:05,956 km/h,108.4° true,2/19/2023 14:34,N42° 10.644' E41° 38.571'
235,10495 m,1.3 km,0:00:05,957 km/h,110.1° true,2/19/2023 14:34,N42° 10.418' E41° 39.488'
236,10503 m,1.3 km,0:00:05,958 km/h,111.9° true,2/19/2023 14:34,N42° 10.172' E41° 40.396'
237,10503 m,1.3 km,0:00:05,957 km/h,113.3° true,2/19/2023 14:34,N42° 09.904' E41° 41.293'
238,10502 m,1.3 km,0:00:05,955 km/h,114.8° true,2/19/2023 14:34,N42° 09.621' E41° 42.181'
239,10502 m,1.3 km,0:00:05,955 km/h,116.4° true,2/19/2023 14:34,N42° 09.321' E41° 43.056'
240,10502 m,1.3 km,0:00:05,954 km/h,117.9° true,2/19/2023 14:34,N42° 09.003' E41° 43.920'
241,10504 m,1.3 km,0:00:05,954 km/h,119.5° true,2/19/2023 14:34,N42° 08.668' E41° 44.770'
242,10505 m,1.3 km,0:00:05,951 km/h,121.2° true,2/19/2023 14:34,N42° 08.316' E41° 45.608'
243,10513 m,1.6 km,0:00:06,949 km/h,122.7° true,2/19/2023 14:34,N42° 07.947' E41° 46.429'
244,10514 m,2.6 km,0:00:10,950 km/h,123.3° true,2/19/2023 14:34,N42° 07.486' E41° 47.396'
245,10510 m,3.2 km,0:00:12,952 km/h,123.2° true,2/19/2023 14:35,N42° 06.706' E41° 48.999'
246,10499 m,3.2 km,0:00:12,952 km/h,122.9° true,2/19/2023 14:35,N42° 05.769' E41° 50.928'
247,10498 m,2.9 km,0:00:11,951 km/h,122.9° true,2/19/2023 14:35,N42° 04.839' E41° 52.863'
248,10498 m,3.2 km,0:00:12,953 km/h,122.9° true,2/19/2023 14:35,N42° 03.989' E41° 54.636'
249,10494 m,3.2 km,0:00:12,954 km/h,122.9° true,2/19/2023 14:35,N42° 03.058' E41° 56.571'
250,10492 m,3.4 km,0:00:13,952 km/h,123.0° true,2/19/2023 14:36,N42° 02.127' E41° 58.508'
251,10497 m,3.2 km,0:00:12,954 km/h,123.0° true,2/19/2023 14:36,N42° 01.117' E42° 00.601'
252,10493 m,3.2 km,0:00:12,953 km/h,123.1° true,2/19/2023 14:36,N42° 00.185' E42° 02.535'
253,10494 m,3.2 km,0:00:12,953 km/h,123.0° true,2/19/2023 14:36,N41° 59.250' E42° 04.466'
254,10492 m,3.4 km,0:00:13,953 km/h,123.1° true,2/19/2023 14:36,N41° 58.316' E42° 06.397'
255,10494 m,3.4 km,0:00:13,954 km/h,123.1° true,2/19/2023 14:37,N41° 57.304' E42° 08.488'
256,10489 m,3.5 km,0:00:13,955 km/h,123.1° true,2/19/2023 14:37,N41° 56.289' E42° 10.579'
257,10488 m,3.2 km,0:00:12,955 km/h,123.1° true,2/19/2023 14:37,N41° 55.272' E42° 12.672'
258,10491 m,2.9 km,0:00:11,954 km/h,123.2° true,2/19/2023 14:37,N41° 54.334' E42° 14.602'
259,10495 m,3.4 km,0:00:13,955 km/h,123.2° true,2/19/2023 14:37,N41° 53.472' E42° 16.369'
260,10495 m,3.2 km,0:00:12,956 km/h,123.3° true,2/19/2023 14:38,N41° 52.453' E42° 18.458'
261,10500 m,2.9 km,0:00:11,955 km/h,123.3° true,2/19/2023 14:38,N41° 51.512' E42° 20.386'
262,10498 m,3.2 km,0:00:12,954 km/h,123.3° true,2/19/2023 14:38,N41° 50.648' E42° 22.151'
263,10498 m,2.9 km,0:00:11,952 km/h,123.4° true,2/19/2023 14:38,N41° 49.707' E42° 24.073'
264,10506 m,3.4 km,0:00:13,949 km/h,123.4° true,2/19/2023 14:38,N41° 48.845' E42° 25.830'
265,10514 m,3.1 km,0:00:12,942 km/h,123.4° true,2/19/2023 14:39,N41° 47.828' E42° 27.901'
266,10530 m,2.9 km,0:00:11,937 km/h,123.3° true,2/19/2023 14:39,N41° 46.898' E42° 29.796'
267,10531 m,3.4 km,0:00:13,940 km/h,123.3° true,2/19/2023 14:39,N41° 46.049' E42° 31.525'
268,10525 m,2.3 km,0:00:09,939 km/h,123.3° true,2/19/2023 14:39,N41° 45.046' E42° 33.575'
269,10525 m,2.3 km,0:00:09,937 km/h,123.3° true,2/19/2023 14:39,N41° 44.352' E42° 34.992'
270,10525 m,2.6 km,0:00:10,934 km/h,123.4° true,2/19/2023 14:39,N41° 43.660' E42° 36.406'
271,10528 m,3.1 km,0:00:12,932 km/h,123.5° true,2/19/2023 14:40,N41° 42.889' E42° 37.970'
272,10532 m,3.4 km,0:00:13,931 km/h,123.4° true,2/19/2023 14:40,N41° 41.964' E42° 39.840'
273,10528 m,2.6 km,0:00:10,931 km/h,123.6° true,2/19/2023 14:40,N41° 40.966' E42° 41.866'
274,10529 m,3.1 km,0:00:12,928 km/h,123.7° true,2/19/2023 14:40,N41° 40.196' E42° 43.420'
275,10533 m,2.8 km,0:00:11,925 km/h,123.5° true,2/19/2023 14:40,N41° 39.271' E42° 45.276'
276,10534 m,2.6 km,0:00:10,927 km/h,123.5° true,2/19/2023 14:41,N41° 38.430' E42° 46.976'
277,10521 m,2.8 km,0:00:11,925 km/h,123.5° true,2/19/2023 14:41,N41° 37.663' E42° 48.524'
278,10524 m,2.8 km,0:00:11,922 km/h,123.6° true,2/19/2023 14:41,N41° 36.821' E42° 50.222'
279,10530 m,2.6 km,0:00:10,921 km/h,123.5° true,2/19/2023 14:41,N41° 35.981' E42° 51.913'
280,10520 m,2.8 km,0:00:11,922 km/h,123.6° true,2/19/2023 14:41,N41° 35.220' E42° 53.452'
281,10514 m,3.6 km,0:00:14,923 km/h,123.8° true,2/19/2023 14:41,N41° 34.379' E42° 55.142'
282,10515 m,2.6 km,0:00:10,924 km/h,123.7° true,2/19/2023 14:42,N41° 33.302' E42° 57.290'
283,10517 m,3.1 km,0:00:12,926 km/h,123.6° true,2/19/2023 14:42,N41° 32.534' E42° 58.828'
284,10525 m,3.1 km,0:00:12,928 km/h,123.6° true,2/19/2023 14:42,N41° 31.613' E43° 00.677'
285,10528 m,2.6 km,0:00:10,928 km/h,123.7° true,2/19/2023 14:42,N41° 30.690' E43° 02.530'
286,10528 m,2.8 km,0:00:11,927 km/h,123.8° true,2/19/2023 14:42,N41° 29.920' E43° 04.074'
287,10494 m,3.8 km,0:00:15,923 km/h,123.9° true,2/19/2023 14:43,N41° 29.071' E43° 05.768'
288,10424 m,2.6 km,0:00:10,924 km/h,123.8° true,2/19/2023 14:43,N41° 27.915' E43° 08.065'
289,10360 m,2.8 km,0:00:11,930 km/h,123.8° true,2/19/2023 14:43,N41° 27.145' E43° 09.598'
290,10243 m,3.9 km,0:00:15,934 km/h,123.8° true,2/19/2023 14:43,N41° 26.293' E43° 11.297'
291,10034 m,3.4 km,0:00:13,932 km/h,123.9° true,2/19/2023 14:43,N41° 25.125' E43° 13.621'
292,9874 m,3.6 km,0:00:14,929 km/h,123.9° true,2/19/2023 14:44,N41° 24.114' E43° 15.628'
293,9687 m,3.1 km,0:00:12,929 km/h,123.8° true,2/19/2023 14:44,N41° 23.027' E43° 17.783'
294,9517 m,3.3 km,0:00:13,925 km/h,123.8° true,2/19/2023 14:44,N41° 22.098' E43° 19.631'
295,9371 m,3.1 km,0:00:12,918 km/h,123.8° true,2/19/2023 14:44,N41° 21.096' E43° 21.623'
296,9247 m,3.0 km,0:00:12,910 km/h,123.9° true,2/19/2023 14:45,N41° 20.177' E43° 23.447'
297,9115 m,2.5 km,0:00:10,906 km/h,124.0° true,2/19/2023 14:45,N41° 19.264' E43° 25.253'
298,9006 m,2.8 km,0:00:11,902 km/h,123.9° true,2/19/2023 14:45,N41° 18.505' E43° 26.751'
299,8885 m,2.7 km,0:00:11,897 km/h,123.9° true,2/19/2023 14:45,N41° 17.677' E43° 28.391'
300,8765 m,2.5 km,0:00:10,891 km/h,124.0° true,2/19/2023 14:45,N41° 16.853' E43° 30.023'
301,8660 m,2.9 km,0:00:12,885 km/h,124.0° true,2/19/2023 14:45,N41° 16.108' E43° 31.494'
302,8529 m,2.4 km,0:00:10,877 km/h,124.1° true,2/19/2023 14:46,N41° 15.219' E43° 33.247'
303,8429 m,2.9 km,0:00:12,869 km/h,124.1° true,2/19/2023 14:46,N41° 14.484' E43° 34.694'
304,8323 m,2.9 km,0:00:12,861 km/h,124.0° true,2/19/2023 14:46,N41° 13.609' E43° 36.413'
305,8211 m,2.4 km,0:00:10,855 km/h,124.0° true,2/19/2023 14:46,N41° 12.743' E43° 38.118'
306,8110 m,2.6 km,0:00:11,848 km/h,124.0° true,2/19/2023 14:46,N41° 12.027' E43° 39.527'
307,7998 m,2.8 km,0:00:12,840 km/h,124.2° true,2/19/2023 14:47,N41° 11.245' E43° 41.065'
308,7880 m,926 m,0:00:04,833 km/h,126.3° true,2/19/2023 14:47,N41° 10.397' E43° 42.724'
309,7836 m,921 m,0:00:04,829 km/h,129.3° true,2/19/2023 14:47,N41° 10.102' E43° 43.258'
310,7797 m,916 m,0:00:04,825 km/h,132.0° true,2/19/2023 14:47,N41° 09.787' E43° 43.768'
311,7757 m,911 m,0:00:04,820 km/h,134.8° true,2/19/2023 14:47,N41° 09.457' E43° 44.256'
312,7720 m,903 m,0:00:04,813 km/h,137.5° true,2/19/2023 14:47,N41° 09.111' E43° 44.719'
313,7674 m,892 m,0:00:04,803 km/h,140.5° true,2/19/2023 14:47,N41° 08.752' E43° 45.155'
314,7618 m,887 m,0:00:04,798 km/h,143.9° true,2/19/2023 14:47,N41° 08.381' E43° 45.561'
315,7564 m,885 m,0:00:04,797 km/h,147.2° true,2/19/2023 14:47,N41° 07.995' E43° 45.935'
316,7510 m,866 m,0:00:04,780 km/h,149.9° true,2/19/2023 14:47,N41° 07.594' E43° 46.278'
317,7445 m,856 m,0:00:04,770 km/h,152.6° true,2/19/2023 14:47,N41° 07.190' E43° 46.590'
318,7379 m,841 m,0:00:04,757 km/h,155.2° true,2/19/2023 14:47,N41° 06.780' E43° 46.872'
319,7310 m,835 m,0:00:04,751 km/h,158.6° true,2/19/2023 14:47,N41° 06.369' E43° 47.125'
320,7251 m,826 m,0:00:04,744 km/h,161.9° true,2/19/2023 14:48,N41° 05.950' E43° 47.343'
321,7188 m,816 m,0:00:04,735 km/h,164.6° true,2/19/2023 14:48,N41° 05.527' E43° 47.526'
322,7120 m,815 m,0:00:04,733 km/h,167.9° true,2/19/2023 14:48,N41° 05.102' E43° 47.681'
323,7056 m,800 m,0:00:04,720 km/h,170.7° true,2/19/2023 14:48,N41° 04.673' E43° 47.803'
324,6994 m,1.2 km,0:00:06,718 km/h,173.3° true,2/19/2023 14:48,N41° 04.247' E43° 47.896'
325,6941 m,1.4 km,0:00:07,714 km/h,174.2° true,2/19/2023 14:48,N41° 03.607' E43° 47.996'
326,6898 m,1.8 km,0:00:09,706 km/h,173.7° true,2/19/2023 14:48,N41° 02.863' E43° 48.097'
327,6839 m,2.1 km,0:00:11,699 km/h,173.5° true,2/19/2023 14:48,N41° 01.918' E43° 48.234'
328,6763 m,1.7 km,0:00:09,693 km/h,173.7° true,2/19/2023 14:48,N41° 00.773' E43° 48.406'
329,6701 m,2.3 km,0:00:12,687 km/h,173.9° true,2/19/2023 14:49,N40° 59.845' E43° 48.542'
330,6619 m,2.3 km,0:00:12,683 km/h,173.7° true,2/19/2023 14:49,N40° 58.617' E43° 48.717'
331,6537 m,2.6 km,0:00:14,678 km/h,173.7° true,2/19/2023 14:49,N40° 57.398' E43° 48.895'
332,6448 m,2.2 km,0:00:12,673 km/h,173.9° true,2/19/2023 14:49,N40° 55.986' E43° 49.101'
333,6363 m,2.2 km,0:00:12,666 km/h,173.7° true,2/19/2023 14:49,N40° 54.783' E43° 49.271'
334,6275 m,2.4 km,0:00:13,661 km/h,173.8° true,2/19/2023 14:50,N40° 53.594' E43° 49.444'
335,6197 m,1.8 km,0:00:10,651 km/h,173.9° true,2/19/2023 14:50,N40° 52.315' E43° 49.628'
336,6149 m,2.0 km,0:00:11,643 km/h,174.1° true,2/19/2023 14:50,N40° 51.347' E43° 49.764'
337,6089 m,1.9 km,0:00:11,638 km/h,174.1° true,2/19/2023 14:50,N40° 50.294' E43° 49.908'
338,6022 m,1.9 km,0:00:11,634 km/h,173.7° true,2/19/2023 14:50,N40° 49.249' E43° 50.052'
339,5927 m,2.1 km,0:00:12,632 km/h,173.9° true,2/19/2023 14:50,N40° 48.212' E43° 50.202'
340,5834 m,2.4 km,0:00:14,629 km/h,173.9° true,2/19/2023 14:51,N40° 47.083' E43° 50.362'
341,5727 m,1.9 km,0:00:11,626 km/h,173.9° true,2/19/2023 14:51,N40° 45.772' E43° 50.548'
342,5634 m,1.9 km,0:00:11,621 km/h,173.8° true,2/19/2023 14:51,N40° 44.747' E43° 50.693'
343,5555 m,1.9 km,0:00:11,614 km/h,173.8° true,2/19/2023 14:51,N40° 43.731' E43° 50.839'
344,5476 m,1.4 km,0:00:08,608 km/h,174.3° true,2/19/2023 14:51,N40° 42.726' E43° 50.983'
345,5417 m,2.7 km,0:00:16,603 km/h,174.6° true,2/19/2023 14:52,N40° 42.002' E43° 51.079'
346,5302 m,2.2 km,0:00:13,600 km/h,174.6° true,2/19/2023 14:52,N40° 40.563' E43° 51.258'
347,5205 m,2.6 km,0:00:16,595 km/h,174.4° true,2/19/2023 14:52,N40° 39.401' E43° 51.404'
348,5065 m,1.8 km,0:00:11,598 km/h,174.7° true,2/19/2023 14:52,N40° 37.982' E43° 51.588'
349,4947 m,2.0 km,0:00:12,594 km/h,174.9° true,2/19/2023 14:53,N40° 37.001' E43° 51.707'
350,4891 m,2.0 km,0:00:12,585 km/h,174.4° true,2/19/2023 14:53,N40° 35.937' E43° 51.833'
351,4831 m,2.7 km,0:00:17,579 km/h,174.3° true,2/19/2023 14:53,N40° 34.891' E43° 51.968'
352,4709 m,2.4 km,0:00:15,575 km/h,174.3° true,2/19/2023 14:53,N40° 33.425' E43° 52.162'
353,4594 m,1.8 km,0:00:11,574 km/h,174.3° true,2/19/2023 14:53,N40° 32.141' E43° 52.332'
354,4515 m,1.9 km,0:00:12,572 km/h,174.3° true,2/19/2023 14:54,N40° 31.201' E43° 52.455'
355,4436 m,2.1 km,0:00:13,569 km/h,174.5° true,2/19/2023 14:54,N40° 30.178' E43° 52.590'
356,4336 m,1.4 km,0:00:09,562 km/h,174.7° true,2/19/2023 14:54,N40° 29.075' E43° 52.731'
357,4301 m,1.4 km,0:00:09,553 km/h,174.4° true,2/19/2023 14:54,N40° 28.321' E43° 52.823'
358,4279 m,1.8 km,0:00:12,544 km/h,174.3° true,2/19/2023 14:54,N40° 27.579' E43° 52.918'
359,4228 m,1.6 km,0:00:11,537 km/h,174.4° true,2/19/2023 14:55,N40° 26.607' E43° 53.045'
360,4171 m,1.8 km,0:00:12,532 km/h,174.5° true,2/19/2023 14:55,N40° 25.726' E43° 53.158'
361,4108 m,1.8 km,0:00:12,529 km/h,174.3° true,2/19/2023 14:55,N40° 24.775' E43° 53.279'
362,4026 m,590 m,0:00:04,531 km/h,171.7° true,2/19/2023 14:55,N40° 23.830' E43° 53.403'
363,3992 m,595 m,0:00:04,535 km/h,167.7° true,2/19/2023 14:55,N40° 23.515' E43° 53.463'
364,3969 m,598 m,0:00:04,538 km/h,163.7° true,2/19/2023 14:55,N40° 23.202' E43° 53.553'
365,3953 m,598 m,0:00:04,538 km/h,159.4° true,2/19/2023 14:55,N40° 22.893' E43° 53.671'
366,3931 m,743 m,0:00:05,535 km/h,156.5° true,2/19/2023 14:55,N40° 22.591' E43° 53.820'
367,3899 m,1.3 km,0:00:09,535 km/h,155.5° true,2/19/2023 14:56,N40° 22.224' E43° 54.029'
368,3817 m,1.8 km,0:00:12,538 km/h,154.9° true,2/19/2023 14:56,N40° 21.568' E43° 54.422'
369,3682 m,2.1 km,0:00:14,541 km/h,154.9° true,2/19/2023 14:56,N40° 20.694' E43° 54.960'
370,3530 m,2.1 km,0:00:14,538 km/h,154.8° true,2/19/2023 14:56,N40° 19.667' E43° 55.590'
371,3413 m,1.5 km,0:00:10,529 km/h,154.5° true,2/19/2023 14:56,N40° 18.647' E43° 56.218'
372,3350 m,1.3 km,0:00:09,521 km/h,154.8° true,2/19/2023 14:56,N40° 17.932' E43° 56.665'
373,3287 m,1.6 km,0:00:11,514 km/h,155.2° true,2/19/2023 14:57,N40° 17.297' E43° 57.057'
374,3206 m,1.7 km,0:00:12,510 km/h,155.2° true,2/19/2023 14:57,N40° 16.528' E43° 57.522'
375,3103 m,1.6 km,0:00:11,509 km/h,155.0° true,2/19/2023 14:57,N40° 15.696' E43° 58.025'
376,2994 m,1.5 km,0:00:11,506 km/h,154.7° true,2/19/2023 14:57,N40° 14.936' E43° 58.490'
377,2869 m,1.2 km,0:00:09,500 km/h,155.1° true,2/19/2023 14:57,N40° 14.182' E43° 58.957'
378,2793 m,1.2 km,0:00:09,491 km/h,155.5° true,2/19/2023 14:58,N40° 13.571' E43° 59.329'
379,2719 m,928 m,0:00:07,477 km/h,155.3° true,2/19/2023 14:58,N40° 12.970' E43° 59.689'
380,2675 m,903 m,0:00:07,464 km/h,155.0° true,2/19/2023 14:58,N40° 12.516' E43° 59.963'
381,2635 m,1.1 km,0:00:09,452 km/h,155.0° true,2/19/2023 14:58,N40° 12.075' E44° 00.232'
382,2553 m,1.5 km,0:00:12,449 km/h,154.7° true,2/19/2023 14:58,N40° 11.522' E44° 00.569'
383,2424 m,1.6 km,0:00:13,450 km/h,154.6° true,2/19/2023 14:58,N40° 10.793' E44° 01.019'
384,2293 m,630 m,0:00:05,453 km/h,152.1° true,2/19/2023 14:58,N40° 10.002' E44° 01.511'
385,2242 m,380 m,0:00:03,456 km/h,145.3° true,2/19/2023 14:59,N40° 09.702' E44° 01.719'
386,2213 m,377 m,0:00:03,453 km/h,135.9° true,2/19/2023 14:59,N40° 09.534' E44° 01.871'
387,2197 m,375 m,0:00:03,450 km/h,125.2° true,2/19/2023 14:59,N40° 09.388' E44° 02.056'
388,2169 m,371 m,0:00:03,445 km/h,119.9° true,2/19/2023 14:59,N40° 09.271' E44° 02.273'
389,2162 m,625 m,0:00:05,450 km/h,111.3° true,2/19/2023 14:59,N40° 09.171' E44° 02.499'
390,2149 m,495 m,0:00:04,445 km/h,108.3° true,2/19/2023 14:59,N40° 09.049' E44° 02.910'
391,2139 m,614 m,0:00:05,442 km/h,104.9° true,2/19/2023 14:59,N40° 08.965' E44° 03.241'
392,2130 m,607 m,0:00:05,437 km/h,100.7° true,2/19/2023 14:59,N40° 08.880' E44° 03.660'
393,2122 m,718 m,0:00:06,431 km/h,97.6° true,2/19/2023 14:59,N40° 08.819' E44° 04.080'
394,2102 m,707 m,0:00:06,424 km/h,95.4° true,2/19/2023 14:59,N40° 08.768' E44° 04.582'
395,2076 m,815 m,0:00:07,419 km/h,93.2° true,2/19/2023 14:59,N40° 08.732' E44° 05.078'
396,2051 m,915 m,0:00:08,412 km/h,91.3° true,2/19/2023 14:59,N40° 08.708' E44° 05.652'
397,2035 m,1.0 km,0:00:09,408 km/h,88.9° true,2/19/2023 15:00,N40° 08.696' E44° 06.297'
398,1980 m,1.1 km,0:00:10,400 km/h,88.3° true,2/19/2023 15:00,N40° 08.707' E44° 07.015'
399,1916 m,1.1 km,0:00:10,390 km/h,88.4° true,2/19/2023 15:00,N40° 08.724' E44° 07.798'
400,1870 m,951 m,0:00:09,380 km/h,89.6° true,2/19/2023 15:00,N40° 08.740' E44° 08.562'
401,1843 m,820 m,0:00:08,369 km/h,89.5° true,2/19/2023 15:00,N40° 08.743' E44° 09.233'
402,1827 m,1.1 km,0:00:11,358 km/h,88.9° true,2/19/2023 15:00,N40° 08.747' E44° 09.811'
403,1784 m,1.2 km,0:00:12,353 km/h,89.6° true,2/19/2023 15:00,N40° 08.759' E44° 10.582'
404,1719 m,978 m,0:00:10,352 km/h,89.7° true,2/19/2023 15:01,N40° 08.763' E44° 11.411'
405,1663 m,974 m,0:00:10,351 km/h,89.0° true,2/19/2023 15:01,N40° 08.766' E44° 12.101'
406,1608 m,969 m,0:00:10,349 km/h,89.4° true,2/19/2023 15:01,N40° 08.775' E44° 12.787'
407,1555 m,1.1 km,0:00:11,348 km/h,89.6° true,2/19/2023 15:01,N40° 08.780' E44° 13.471'
408,1503 m,1.1 km,0:00:11,346 km/h,89.6° true,2/19/2023 15:01,N40° 08.784' E44° 14.220'
409,1443 m,840 m,0:00:09,336 km/h,89.8° true,2/19/2023 15:02,N40° 08.788' E44° 14.964'
410,1399 m,809 m,0:00:09,324 km/h,89.4° true,2/19/2023 15:02,N40° 08.789' E44° 15.556'
411,1359 m,685 m,0:00:08,308 km/h,89.6° true,2/19/2023 15:02,N40° 08.794' E44° 16.127'
412,1322 m,568 m,0:00:07,292 km/h,89.7° true,2/19/2023 15:02,N40° 08.796' E44° 16.609'
413,1296 m,614 m,0:00:08,276 km/h,89.9° true,2/19/2023 15:02,N40° 08.798' E44° 17.010'
414,1260 m,662 m,0:00:09,265 km/h,88.8° true,2/19/2023 15:02,N40° 08.799' E44° 17.443'
415,1223 m,792 m,0:00:11,259 km/h,90.1° true,2/19/2023 15:02,N40° 08.806' E44° 17.910'
416,1178 m,706 m,0:00:10,254 km/h,89.4° true,2/19/2023 15:03,N40° 08.805' E44° 18.468'
417,1137 m,624 m,0:00:09,249 km/h,89.0° true,2/19/2023 15:03,N40° 08.810' E44° 18.965'
418,1101 m,689 m,0:00:10,248 km/h,88.9° true,2/19/2023 15:03,N40° 08.815' E44° 19.405'
419,1062 m,759 m,0:00:11,248 km/h,90.0° true,2/19/2023 15:03,N40° 08.822' E44° 19.891'
420,1019 m,690 m,0:00:10,248 km/h,90.0° true,2/19/2023 15:03,N40° 08.822' E44° 20.426'
421,990 m,697 m,0:00:10,251 km/h,89.6° true,2/19/2023 15:03,N40° 08.822' E44° 20.913'
422,949 m,902 m,0:00:13,250 km/h,89.6° true,2/19/2023 15:04,N40° 08.825' E44° 21.404'
423,903 m,767 m,0:00:11,251 km/h,89.4° true,2/19/2023 15:04,N40° 08.828' E44° 22.040'
424,863 m,540 m,0:00:08,243 km/h,89.8° true,2/19/2023 15:04,N40° 08.833' E44° 22.580'
425,863 m,292 m,0:00:05,210 km/h,90.2° true,2/19/2023 15:04,N40° 08.834' E44° 22.961'
426,867 m,247 m,0:00:05,178 km/h,90.0° true,2/19/2023 15:04,N40° 08.833' E44° 23.167'
427,873 m,256 m,0:00:06,154 km/h,90.0° true,2/19/2023 15:04,N40° 08.833' E44° 23.341'
428,877 m,264 m,0:00:07,136 km/h,89.5° true,2/19/2023 15:04,N40° 08.833' E44° 23.522'
429,874 m,188 m,0:00:06,113 km/h,89.9° true,2/19/2023 15:04,N40° 08.834' E44° 23.708'
430,874 m,119 m,0:00:05,86 km/h,90.3° true,2/19/2023 15:05,N40° 08.835' E44° 23.840'
431,874 m,81 m,0:00:05,58 km/h,91.0° true,2/19/2023 15:05,N40° 08.834' E44° 23.924'
432,873 m,48 m,0:00:05,34 km/h,88.3° true,2/19/2023 15:05,N40° 08.834' E44° 23.982'
433,873 m,17 m,0:00:02,30 km/h,75.2° true,2/19/2023 15:05,N40° 08.834' E44° 24.015'
434,873 m,38 m,0:00:07,20 km/h,36.0° true,2/19/2023 15:05,N40° 08.837' E44° 24.027'
435,872 m,20 m,0:00:04,18 km/h,1.1° true,2/19/2023 15:05,N40° 08.853' E44° 24.042'
436,875 m,94 m,0:00:15,23 km/h,351.2° true,2/19/2023 15:05,N40° 08.864' E44° 24.043'
437,873 m,56 m,0:00:09,22 km/h,354.2° true,2/19/2023 15:05,N40° 08.914' E44° 24.033'
438,873 m,32 m,0:00:05,23 km/h,3.0° true,2/19/2023 15:05,N40° 08.944' E44° 24.029'
439,871 m,58 m,0:00:10,21 km/h,22.1° true,2/19/2023 15:06,N40° 08.961' E44° 24.030'
440,870 m,16 m,0:00:03,19 km/h,16.3° true,2/19/2023 15:06,N40° 08.990' E44° 24.045'
441,871 m,58 m,0:00:13,16 km/h,0.9° true,2/19/2023 15:06,N40° 08.999' E44° 24.049'
442,872 m,32 m,0:00:12,10 km/h,358.1° true,2/19/2023 15:06,N40° 09.030' E44° 24.049'
443,873 m,9 m,0:00:06,5 km/h,358.3° true,2/19/2023 15:06,N40° 09.047' E44° 24.048'
444,872 m,5 m,0:00:10,2.0 km/h,348.9° true,2/19/2023 15:06,N40° 09.052' E44° 24.048'
445,871 m,3 m,0:00:19,0.6 km/h,352.0° true,2/19/2023 15:06,N40° 09.055' E44° 24.047'
